batch_size,rmse,r2,mape
16,514.8515048981587,-5.919236436229414,0.21378179626581728
32,494.57954278710633,-5.385082242644868,0.20309118267082235
64,532.3234727074474,-6.396826491544577,0.22024683074655163
128,507.878879510709,-5.733091301509456,0.2065205131131504
