batch_size,rmse,r2,mape
16,127.24541140730038,0.4276716928992633,0.05597869915925833
32,127.11794156558048,0.4288177940635405,0.05445017441533211
64,127.53530338856469,0.42506095231617835,0.054954915546883754
128,131.6048538771789,0.3877838517852058,0.056108546572477755
