batch_size,rmse,r2,mape
16,75.80244671356283,-0.5578483208851377,0.05414222458207661
32,90.43720997999043,-1.2174459074362414,0.06344173451099075
64,72.55480852688632,-0.42722065940480025,0.048583563063051394
128,63.01622975320366,-0.07662275514723893,0.031908332730635744
