batch_size,rmse,r2,mape
16,444.24517110995936,-4.106810937164606,0.18001289821213487
32,390.5448463573265,-2.9468095529766156,0.15358983415647479
64,411.4940976373128,-3.381588304183575,0.1619411154846756
128,248.8845493976468,-0.6028770905125154,0.09728445739639668
