batch_size,rmse,r2,mape
16,132.03069895845607,0.370474549637695,0.05191316317188362
32,122.9839086421341,0.4537895173270743,0.048441296391664314
64,128.28847133617737,0.4056548707367439,0.05069141988801919
128,122.91768589869743,0.4543775913030239,0.04914027540150349
