batch_size,rmse,r2,mape
16,121.20580252476259,0.4734765509992832,0.046075512497098896
32,125.3974027883568,0.4364298559224046,0.04756099582753767
64,124.30669486570046,0.4461910968356777,0.04708554703986995
128,124.6372199713753,0.44324208264606346,0.04770486642640317
