batch_size,rmse,r2,mape
16,120.7234144028625,0.4652308502846436,0.05121591936042558
32,127.7917303340967,0.4007765143507137,0.054304546730355445
64,127.07705178053243,0.4074601184805794,0.053635426674686286
128,123.35088168759967,0.441699725442392,0.05317349262995572
